id,name,eg_id,author,description,publisher,category,tags,quantity
1,[試して理解]Linuxのしくみ ~実験と図解で学ぶOSとハードウェアの基礎知識,EG000001,武内 覚,いまどきのOSのしくみが、実験と図解でわかる!,技術評論社,技術書,OS Linux,1
2,実践ハイパフォーマンスMySQL 第3版,EG000002,"Baron Schwartz (著), Peter Zaitsev (著), Vadim Tkachenko (著), 菊池 研自 (監修), 株式会社クイープ (翻訳)",新しい情報を盛り込み、信頼性や正確さといった目標を重視するという前版からの方針に加えて、第3版では、MySQLの動作の仕組みに関する事実だけでなく、MySQLがそのように動作する原理を伝えたいと考えて執筆されています。,オライリージャパン,技術書,RDB MySQL,1
3,オブジェクト指向設計実践ガイド ~Rubyでわかる 進化しつづける柔軟なアプリケーションの育て方,EG000003,"Sandi Metz (著), 髙山 泰基  (翻訳)","オブジェクト指向設計の名著として名高い“Practical Object-Oriented Design in Ruby""、待望の翻訳版! 使いこなせるようになるととても便利なオブジェクト指向ですが、「なんとなく」の理解で使っていると、大きな罠にかかってしまいます。\n本書は、保守性を上げて運用コストを下げるアプリケーションをつくるために、クラス設計から基本概念、継承のテクニック、ダックタイプ、そしてテスト設計まで、幅広くカバーしています。オブジェクト指向言語を使用するすべての人におすすめの1冊です。",技術評論社,技術書,Ruby オブジェクト指向,1
4,達人プログラマー―システム開発の職人から名匠への道,EG000004,"アンドリュー ハント (著), デビッド トーマス (著), Andrew Hunt (原著)",経験に裏打ちされたヒントを満載し、実践可能なプログラムの作り方を教える。より効率的、そして生産的なプログラマーを目指す人に向け、具体的なアドバイスを、解決策のシステムを構成するよう関連付けて編集。,ピアソンエデュケーション,技術書,プログラミング,1
5,リーダブルコード ―より良いコードを書くためのシンプルで実践的なテクニック (Theory in practice),EG000005,"Dustin Boswell (著), Trevor Foucher (著), 須藤 功平 (解説), 角 征典  (翻訳)",「美しいコードを見ると感動する。優れたコードは見た瞬間に何をしているかが伝わってくる。そういうコードは使うのが楽しいし、\n自分のコードもそうあるべきだと思わせてくれる。本書の目的は、君のコードを良くすることだ」(本書「はじめに」より)。\n\nコードは理解しやすくなければならない。本書はこの原則を日々のコーディングの様々な場面に当てはめる方法を紹介します。\n名前の付け方、コメントの書き方など表面上の改善について。コードを動かすための制御フロー、論理式、変数などループとロジックについて。\nまたコードを再構成するための方法。さらにテストの書き方などについて、楽しいイラストと共に説明しています。\n\n日本語版ではRubyやgroongaのコミッタとしても著名な須藤功平氏による解説を収録。,オライリージャパン,技術書,プログラミング,1
6,Webを支える技術 -HTTP、URI、HTML、そしてREST (WEB+DB PRESS plus),EG000006,山本 陽平  (著),"Webは誕生から20年で爆発的な普及を果たし,17億人のユーザと2億台のサーバを抱える巨大システムへと成長しました。Webがここまで成功した秘密は,その設計思想,いわゆるアーキテクチャにあります。Webのアーキテクチャ,そしてHTTP,URI,HTMLといったWebを支える技術は,Webがどんなに巨大化しても対応できるように設計されていたのです。\n私たちが作る個々のWebサービスも,Webのアーキテクチャにのっとることで成功へとつながります。Webのアーキテクチャに正しく適応したWebサービスは,情報が整理され,ユーザの使い勝手が向上し,ほかのサービスと連携しやすくなり,将来的な拡張性が確保されるからです。\n本書のテーマは,Webサービスの実践的な設計です。まずHTTPやURI,HTMLなどの仕様を歴史や設計思想を織り交ぜて解説します。そしてWebサービスにおける設計課題,たとえば望ましいURI,HTTPメソッドの使い分け,クライアントとサーバの役割分担,設計プロセスなどについて,現時点のベストプラクティスを紹介します。",技術評論社,技術書,インフラ,1
7,マイクロサービスアーキテクチャ,EG000007,"Sam Newman  (著), 佐藤 直生 (監修), 木下 哲也 (翻訳)",マイクロサービスとは、ThoughtWorks社のマーチン・ファウラーとジェームス・ルイスが最初に提唱したソフトウェアアーキテクチャです。\nモノリシック(一枚岩)なアーキテクチャを、ビジネス機能に沿って複数の小さい「マイクロサービス」に分割し、それらを連携させるアーキテクチャにすることで、迅速なデプロイ、優れた回復性やスケーラビリティといった利点を実現しようとするものです。\n本書は、マイクロサービスとは何か、その長所と短所、定義と概念、設計思想、アーキテクトの役割から、分割、デプロイ、テスト、監視、セキュリティといった個別の技術までを、マイクロサービスを採用しているNetflixやAmazonといった企業の事例を交えながら紹介します。\nこれからますます普及が期待されるマイクロサービスについて深く理解できる一冊です。,オライリージャパン,技術書,マイクロサービスアーキテクチャ,1
8,Web API: The Good Parts,EG000008,水野 貴明  (著),Web APIの設計、開発、運用についての解説書。\nAPIは設計次第で使いづらいものになるだけではなく、公開後の保守運用も難しくなってしまいます。\nそのためAPIを美しく設計することがとても重要です。\n本書では「設計の美しいAPIは、使いやすい、変更しやすい、頑強である、恥ずかしくない」という考えのもと、\nAPIをどのように設計し運用すればより効果的なのか、ありがちな罠や落とし穴を避けるにはどういう点に気をつけなければいけないのかを明らかにします。\nターゲットは、URIにアクセスするとXMLやJSONなどのデータが返ってくるシンプルなタイプ――XML over HTTP方式やJSON over HTTP方式――のAPIです。\n読者は、Web API設計の考え方と手法を知ることができます。,オライリージャパン,技術書,WebAPI,1
9,ネットワークはなぜつながるのか 第2版 知っておきたいTCP/IP、LAN、光ファイバの基礎知識,EG000009,"戸根 勤  (著), 日経NETWORK (監修)",●『ネットワークはなぜつながるのか』５年ぶり、待望の改訂第2版！\n\nブラウザにURLを入力してからWebページが表示されるまでの道筋をたどりながら、その裏側で働くTCP/IP、LAN、光ファイバなどの技術を説明していきます。インターネットを通ってサーバーまで行って帰ってくる道筋の途中には、今のネットワークの主要な技術要素が全部あります。そこでの機器やソフトウエアがどのように動き連携しているのかを探検すればネットワーク全体の動きがわかります。\n\n第2版では、全体の構成を見直し、探検の途中で、今、ネットワークのどの部分にいるのかを明確にしました。また、各技術の基本的な考え方や成り立ちなど、基礎的な解説を大幅に増やしたほか、個別の補足説明も注釈として多く取り入れています。大事な点は「要約」としてまとめ、読んで記憶に残るようにしました。初心者の方も、基本的なところからきちんと理解して読み進めてもらえます。\n\n特徴1：ネットワークの全体の動きがわかる“探検ツアー”\n本書は、ブラウザにURLを入力してから、サーバーがWebページの情報を返信してくるまでの過程を順番に追っていくというユニークな構成です。入力されたデータがパケットとなって、LAN、ハブ、ルーターを通り、プロバイダの回線を抜け、ファイアウォールをくぐり、次の行き先を探りながらゴールのWebサーバーを目指して、さまざまに姿を変えながら進んでいく様子を追うことで、個別技術を見ているだけではわからない、“現実の”動きがわかります。\n\n特徴2：２大技術TCP/IP、LANが確実に理解できる！\nIPアドレス、ネットマスク、デフォルト・ゲートウエイなどはパソコンのTCP/IPの設定で目にしますし、家庭内LANも普及してMACアドレスという言葉も身近になりました。「イメージとしてはなんとなくわかる」これらの用語が、現実の機器とソフトウエアがどうように動くかを知ることで、本質からきちんと理解できます。\n\n特徴3：最先端の光ファイバの中身ものぞいてみよう！\nインターネットの普及で、家庭とプロバイダをつなぐアクセス回線の技術も進んでいます。ADSLでの信号化の技術や伝送方法、光ファイバが高速化できている仕組みなどをくわしく解説しています。,日経BP,技術書,インフラ ネットワーク,1
10,Amazon Web Services 基礎からのネットワーク&サーバー構築 改訂版,EG000010,"玉川憲  (著), 片山暁雄  (著), 今井雄太 (著), 大澤文孝 (著)",AWSを実機代わりにインフラ技術が学べる!\n「自分でネットワークやサーバーを構築できるようになる」。\nこれが本書の目的です。\n新しいものを学習するとき、実際にやってみるのが一番。従来は物理機器がないと学べませんでしたが、今はクラウドがあります。\n本書は、代表的なクラウドサービス「Amazon Web Services」を実機代わりにネットワークを学び直す、をコンセプトにまとめた1冊です。\n\n改訂版では、初版のコンセプトをそのままに、画面を最新バージョンに差し替えたほか、CHAPTER 7「NAT」を書き直しました。\n初版では「NATインスタンス」を使って説明していましたが、今後AWSでは「NATゲートウエイ」が主流になることから、NATゲートウエイを使った内容に修正しています。\n\nインフラを学びたい若手技術者にも、インフラを学び直したいアプリ開発者にもオススメです。\n\n\n◆目次◆\n【Contents】\nCHAPTER 1 システム構築をインフラから始めるには\nCHAPTER 2 ネットワークを構築する\nCHAPTER 3 サーバーを構築する\nCHAPTER 4 Webサーバーソフトをインストールする\nCHAPTER 5 HTTPの動きを確認する\nCHAPTER 6 プライベートサブネットを構築する\nCHAPTER 7 NATを構築する\nCHAPTER 8 DBを用いたブログシステムの構築\nCHAPTER 9 TCP/IPによる通信の仕組みを理解する\nAppendix A パケットキャプチャで通信をのぞいてみる\nAppendix B ネットワークの管理・運用とトラブルシューティング,日経BP,技術書,AWS インフラ クラウド,1
11,Amazon Web Services クラウドデザインパターン実装ガイド　改訂版,EG000011,"大澤 文孝  (著), アマゾン データ サービス ジャパン 玉川 憲 (監修), & 3 その他",クラウドサービス「Amazon Web Services(AWS)」を活用してWebサイトやシステムを構築するための実践書です。\nAWSでアカウントを作成して仮想サーバーを立てるところからはじめ、Webサーバーをインストールしたり、\nIPアドレスを割り当てたり、操作画面を付けて丁寧に説明します。\n\nさらに、定型的な設計パターンを使って、画像動画配信サイトやEコマースサイトなどの構築まで実践します。\n手順に沿って進むだけで、インターネットストレージ、データベースサービス、DNSサービス、\n仮想ロードバランサーなど、AWSの各種サービスを使いこなせるようになります。\n\n初めてAWSを利用する人から、AWSのサービスを使いこなせるようになりたい人まで必見の書です。,日経BP,技術書,AWS インフラ クラウド,1
12,Amazon Web Services パターン別構築・運用ガイド 改訂第2版 (Informatics&IDEA),EG000012,"NRIネットコム株式会社 (著), 佐々木 拓郎  (著), 林 晋一郎  (著), 小西 秀和 (著)",AWSのサービスの概要と導入方法を徹底解説\n\nAWS(Amazon Web Services)によるクラウドシステム構築・運用のノウハウを紹介。\n\nAWSの主要サービスの概要から、サービスを活用したクラウド上でのシステムの構築手順と設定方法を詳細に解説します。目的に応じたサーバ構築方法と、サービスの選び方を徹底的に丁寧に解説します。\n\nAWSマネジメントコンソールからの設定に加えて、CLIやSDKを使った実践的な技術も掲載。企業などへのAWS導入の全ての工程に関わった著者陣による、現場で培った実践的なノウハウが凝縮された一冊です。\n\nWebサービスや自社サイトのシステム構築にAWSの導入を考えている人、WordPressを使ったサイトの公開を考えている人、とにかくAWSについて知りたい人、AWSに興味を持つ全ての人にお勧めです。\n\n■本書で紹介するAWS活用例\n・EC2を利用した動的サイトの構築\n・Elastic Beanstalkによる構築レスな動的サイト\n・S3による静的サイトの構築\n・CloudFrontによるコンテンツ配信システムの構築\n・Auto Scalingを利用した自動拡張構成\n・Lambdaを利用したバックエンド処理の実装\n・CloudFormationによる自動構築\n・SESによるメール送信サービスの構築\n・Cogniteによる認証\n・開発環境の構築と継続的インテグレーション\n・AWSにおけるセキュリティの考え方と強化方法\n・AWSのアカウントを安全に設計運用する方法\n・CloudWatchを利用した運用監視\n・データのバックアップやアーカイブの方法,SBクリエイティブ,技術書,AWS インフラ クラウド,1
13,プログラマのためのGoogle Cloud Platform入門 サービスの全体像からクラウドネイティブアプリケーション構築まで,EG000013,"阿佐 志保  (著), 中井 悦司  (著), 中井悦司  (監修)",インフラ基礎知識とセットで学ぶ！\nGoogle Cloud Platformの機能＆システム構築パターン！\n\n本書は、Google Cloud Platform（GCP）でシステム、アプリケーションを\n構築するための実践的な入門書です。\n\nGCPを初めて利用する開発者をメインターゲットとし、GCPの提供する\nサービス（コンポーネント）の全体像と、サービスを組み合わせて最適な\nアプリケーションアーキテクチャを実現する方法を、具体的なサンプルを\n使ってわかりやすく解説します。\n\nWebアプリケーションを動かす具体的な手順の解説に加えて、コンテナ、\nオーケストレーションといったテーマもカバーするため、業務で本格的な\n利用を考えている方にも適しています。\n\n単にGCPの使い方を説明する手順書にとどまらず、GCPを利用する上で\n理解しておきたいインフラの基礎技術などを解説することで、技術動向の\n変化が激しいクラウドの解説書でありながらも陳腐化を最小化するよう\n工夫しています。\n\nまた、GCPの強みであるクラウドネイティブなアーキテクチャによる\nアプリケーション実行環境の構築をサンプルとして挙げているのも\n大きな特徴です。本書の強みは、具体的なサンプルを使って丁寧に\n説明することで、GCPの良さを体得してもらえるところにあります。\n\nGCPの利用や導入を検討している／初めて使う、あるいは、AWSなど\n他のクラウドを使ったことがあるプログラマ／開発者の方におすすめの\n一冊です。,翔泳社,技術書,GCP インフラ クラウド,1
14,GCPの教科書,EG000014,吉積礼敏  (著),【対象読者】\n本書は、自他共に認めるGoogle CloudPlatform(以下、GCP)マニアであるクラウドエースが、\nGCP をぜひ皆さんに使っていただきたいと考えて執筆したものです。\n「GCPを使ってみたいけど使い方がよく分からない」方から、\n「ある程度使っているけれども使いこなせてはないかも?」というクラウドに関して初級から中級の技術者の方を対象にしています。\n\n【本書の内容】\nGCPに触れたことのない方には、まずは触ってみて体感すること、\n次に基礎的なことを押さえて効果的によりたくさんのプロダクトを活用できるようになることを体系的に解説した「教科書」です。\nクラウドエンジニア必携の一冊です。\n\n【本書の効用とゴール】\n本書では、GCPの機能・操作法や他のクラウドとの比較など、\nひととおり解説してありますので、GCPの基本・特徴については理解できます。\nGCP を理解し、触ってみて、今後の「クラウドネイティブ時代」を生きる一助となるべく一冊です。,リックテレコム,技術書,GCP インフラ クラウド,1
15,エリック・エヴァンスのドメイン駆動設計,EG000015,"Eric Evans (著), 和智右桂  (翻訳), 牧野祐子 (翻訳), 今関剛 (監修)",ドメイン駆動設計の定番書　問題解決にフォーカスした設計パターン\n\n「この本は、思慮深いソフトウェア開発者全員の必携書である。」\n---Kent Beck 氏推薦\n\n「Eric が見事にとらえたのは、熟練のオブジェクト設計者が常々用いてきた設計プロセスの\n一部でありながら、グループとして見ると、この業界の他の人々へうまく伝えられずにいたものだ。\nこれまで我々は、この知識を断片的には提供してきた。\nしかし、ドメインロジックを構築するための原理をまとめ上げ、体系化したことはなかった。\n本書は重要である。」\n---『Enterprise Java Programming with IBM WebSphere』の著者 Kyle Blown氏 推薦\n\nソフトウェア開発コミュニティでは、ドメインモデリングがソフトウェア設計の中心であることが広く認められてきています。ドメインモデルを通して、ソフトウェア開発者は豊富な機能を表現し、それをユーザの要求に本当の意味で応えるソフトウェアの実装に移すことができます。しかし、明らかに重要であるにもかかわらず、効果的なドメインモデリングをどのようにソフトウェア開発プロセスに組み入れるかを説明する、実用的なリソースはほとんど存在しませんでした。ドメイン駆動設計はこの要求に応えるものです。これは具体的な技術についての本ではなく、読者にドメイン駆動設計への体系的なアプローチを提示するものです。設計のベストプラクティスの応用的なセット、経験に基づくテクニック、さらに、複雑なドメインに直面するソフトウェアプロジェクトにおける開発を容易にする基本原則を紹介する一冊です。\n\n【原書タイトル】Domain-Driven Design: Tackling Complexity in the Heart of Software\n本書で学べること\nチームメンバー全員に同じ言語で会話をさせる\nモデルと実装をより深く結びつける\nポイントとなる特徴を、モデルにおいてはっきりさせる\nドメインオブジェクトのライフサイクルを管理する\n安全に結合できるドメインコードを入念に作成する\n複雑なコードを明白で予測できるものにする\nドメインビジョン声明文を記述する\n複雑なドメインのコアを蒸留する\nモデルに必要な、暗黙的な概念を掘り出す\nアナリシスパターンを適用する\nデザインパターンをモデルに関係づける\n巨大なシステムでモデルの整合性を維持する\n同じプロジェクトで複数のモデルが共存できるようにする\n大規模な構造によりシステムを構成する\nモデリングのブレイクスルーを認識して、それに対応する\n著者紹介　　Eric Evans（エリック・エヴァンス）\n\nEric Evansは、Domain Languageの創設者である。このコンサルティンググループは、企業の手助けをして、ビジネスと深く結びついた、進化するソフトウェアを構築するために設立された。1980 年代以来、Ericはいくつかの複雑なビジネスドメインや技術ドメインにおける巨大なオブジェクト指向システムに対し、設計者兼プログラマとして取り組んできた。また、エクストリームプログラミングを実践する開発チームの教育と指導も行っている。,翔泳社,技術書,ドメイン駆動設計 DDD プログラミング,1
16,レガシーコード改善ガイド,EG000016,"マイケル・C・フェザーズ  (著), 平澤章  (翻訳), 越智典子 (翻訳), 稲葉信之 (翻訳)",保守開発のためのリファクタリング！\n\n本書は、システム保守の現場でありがちな、構造が複雑で理解できないようなコードに対する分析手法・対処手法について解説します。つまり、「コードを理解し、テストできるようにし、リファクタリングを可能にし、機能を追加できるテクニックを紹介している書籍です。\n\n本書には、以下のことが記載されています。\n●仕様が分からないコードの分析方法\n●仕様が分からないコードの修正方法、またテストコードの追加方法\n●コードの修正で、疎結合な設計に部分的に改善する方法\nまた、本書には、以下のことは記載されていません。\n●COBOLなどで記述されているメインフレーム上のアプリケーションの改修方法\n\n【 対象読者】\n●現行のシステムが仕様が分からず保守作業に悩む、保守担当者\n●現行のシステムの修正作業は可能であるもののデグレーションに悩む、保守担当者\n●疎結合な設計手法を知りたい技術者\n\n本書はJava、C、C++でサンプルを記述していますが、記載されているテクニックは言語依存するものではないため、他の言語（Delphi、Visual Basic、COBOL、FORTRAN）でも使えます。,翔泳社,技術書,設計 リファクタリング プログラミング,1
17,新装版　リファクタリング　既存のコードを安全に改善する,EG000017,"ＭａｒｔｉｎＦｏｗｌｅｒ (著), 児玉公信 (翻訳), 友野晶夫 (翻訳), 平澤章  (翻訳)",プログラムに潜む扱いにくい部分を見つけ出し、その動作を変えずに内部の構造を改善していくためのテクニックを整理したマーティン・ファウラー氏によるソフトウェア開発の名著『リファクタリング プログラミングの体質改善テクニック』（“Refactoring:Improving the Design of Existing Code”）が、オリジナルの訳者による丁寧な見直しと現代的なJava開発環境による「再リファクタリング」を施した書き下ろし付録を収録して再発行！\n旧版の価値を知るベテランはもちろん、これからソフトウェア開発に携わる新人にも必読の一冊です。,オーム社,技術書,リファクタリング Java プログラミング,1
18,ユースケース駆動開発実践ガイド,EG000018,"ダグ・ローゼンバーグ (著), マット・ステファン  (著), 三河淳一 (翻訳)",実装部分も時流に即したオブジェクト指向分析／設計の指南書！\n\n本書は最小限のUMLのコアサブセットと、ユースケースからオブジェクト指向ソフトウェア設計を導出するための思考プロセス（両者はまとめてICONIXと呼ばれています）についてを、空論ではなく実践の視点から説明しています。\n\nICONIXプロセスはユースケースとUML/オブジェクト指向分析・設計を扱うほかの多くの手法よりもプログラマにはなじみやすいものです。というのも、ICONIXプロセスはプログラマがユースケースを効果的に利用できるように、具体的かつ現実的、そして要求されたシステムの振る舞いを明確に言明するようなユースケースを作成させるからです。\n\n「序文」および「イントロダクション」より,翔泳社,技術書,設計,1
19,カイゼン・ジャーニー たった1人からはじめて、「越境」するチームをつくるまで,EG000019,"市谷 聡啓  (著), 新井 剛 (著)",「日本の現場」に寄り添った、アジャイル開発の実践！\n現場のストーリーで、開発の神髄を学ぼう\n\n【本書の特徴】\n・現場のストーリーから、考え方とプラクティスを一緒に学べる\n・1人でも始められる業務改善の手法から、チームマネジメントの手法まで解説\n・日本の現場を前提にしているので、実践しやすい\n・アジャイルをこれから始める人だけでなく、もっとうまく実践したい人にも最適\n\n【あらすじ】\nITエンジニアとしてSIer企業に勤務する江島は、\n問題だらけのプロジェクト、やる気のない社員たちに嫌気が差していた。\n\nそんな中、ある開発者向けイベントに参加したことがきっかけで、\nまずは自分の仕事から見直していこうと考える。\n\nタスクボードや「ふりかえり」などを1人で地道に続けていると、\n同僚が興味を示したため、今度は2人でカイゼンに取り組んでいく。\n\nここから、チームやクライアントを巻き込んだ、現場の改革がはじまる。\n\nチーム内の軋轢、クライアントの無理難題、迫りくるローンチ……\nさまざまな困難を乗り越え、江島がたどり着いた「越境する開発」とは。\n\n【筆者コメント（「あとがき」より）】\n良い問いは人を立ち返らせてくれます。\nそのような問いは人によって異なるでしょう。\n\n読者のみなさんにとっての良い問いと出会えるよう、\n江島（本書の主人公）同様、自分がいる場所から外に出て、\nいろいろと見聞きしてみてください。\n\nもちろんこの本があなたにとっての\n良い問いになることを願っています :),翔泳社,技術書以外,スクラム,1
20,アルゴリズム図鑑 絵で見てわかる26のアルゴリズム,EG000020,"石田保輝 (著), 宮崎修一  (著)",イメージがつかめるから、面白い！\nアルゴリズムをまるごとイラストにしました\n\n【本書のポイント】\n・基本的な26のアルゴリズム＋7つのデータ構造をすべてイラストで解説\n・誌面がフルカラーなので、図の「動き」がわかりやすい\n・各アルゴリズムの考え方や計算効率、問題点もフォロー\n・50万人が学んだ大人気アプリを書籍化\n\nアルゴリズムはどんな言語でプログラムを書くにしても不可欠ですが、\n現場で教わることはめったになく、かといって自分で学ぶには難しいものです。\n\n本書は、アルゴリズムを独学する人のために作りました。\nはじめて学ぶときにはイメージしやすく、\n復習するときには思い出しやすくなるよう、\n基本的な26のアルゴリズム＋7つのデータ構造を\nすべてイラストにしています。\n\nソートやグラフなどの「動き」を図で追うことで、\n考え方や仕組みを理解する手助けをします。\nよいプログラムを書くために知っておかなきゃいけない\nアルゴリズムの世界を、楽しく学びましょう。\n\n●書籍のもとになったアプリ「アルゴリズム図鑑」の実績\n・50万ダウンロード達成（2017年4月時点）\n・2016年 App Store「今年のベストApp 10選」に選出\n\n【目次（抜粋）】\n●序章 アルゴリズムの基本\n●第1章 データ構造\n・リスト\n・配列\n・スタック など\n\n●第2章 ソート\n・バブルソート\n・選択ソート\n・マージソート など\n\n●第3章 配列の探索\n・線形探索\n・2分探索\n\n●第4章 グラフ探索\n・幅優先探索\n・ベルマン-フォード法\n・A* など\n\n●第5章 セキュリティのアルゴリズム\n・暗号の基本\n・公開鍵暗号方式\n・デジタル署名 など\n\n●第6章 クラスタリング\n・k-means法 など\n\n●第7章 その他のアルゴリズム\n・ユークリッドの互除法\n・ページランク など,翔泳社,技術書,アルゴリズム,1
21,図解まるわかり セキュリティのしくみ,EG000021,増井 敏克  (著),攻撃や対策、組織体制もすべて図解\n確かな知識がつく「使える教科書」\n\n【本書のポイント】\n・解説とイラストがセットで理解しやすい\n・考え方から技術、運用方法までを網羅\n・キーワードから知りたい項目を調べやすい\n・管理者にも開発者にも役立つ基本がわかる\n\n【こんな人におすすめ】\n・企業においてセキュリティ対策をしたい人\n・セキュリティを考慮したシステムを開発したい人\n・個人情報の管理における注意点を知りたい人 \n・セキュリティ関連の資格試験を受ける人\n・自身のセキュリティを高める必要を感じている人\n\n【内容紹介】\n企業におけるセキュリティでは、\n小さなことでも気づいたことを\n少しずつ改善していく、\nその積み重ねが大切です。\n\nそこで、本書では見開きで\n1つのテーマを取り上げ、\n図解を交えて解説しています。\n\n最初から順に読んで\n体系的な知識を得るのはもちろん、\n気になるテーマやキーワードに\n注目しながら読むなど、\n状況に合わせて活用してください。\n\n【目次】\n第1章　セキュリティの基本的な考え方 ～分類して考える～\n第2章　ネットワークを狙った攻撃 ～招かれざる訪問者～\n第3章　ウイルスとスパイウェア ～感染からパンデミックへ～\n第4章　脆弱性への対応 ～不備を狙った攻撃～\n第5章　暗号／署名／証明書とは ～秘密を守る技術～\n第6章　組織的な対応 ～環境の変化に対応する～\n第7章　セキュリティ関連の法律・ルールなど ～知らなかったでは済まされない～,翔泳社,技術書,セキュリティ,1
22,SQL 第2版 ゼロからはじめるデータベース操作,EG000022,ミック  (著),大好評のSQL定番入門書が改訂！　SQLの書き方からアプリでの利用までしっかり学ぼう！\n\nプログラミング学習シリーズ『SQL ゼロからはじめるデータベース操作』は、「データベースやSQLがはじめて」という初心者を対象に、プロのデータベース（DB）エンジニアである著者がSQLの基礎とコツをやさしく丁寧に教える入門書です。\nDB／テーブルの構造から、データを検索したり更新したりする構文、よく使う関数、テーブルの結合など、SQLによるデータベース操作の基本を学習していきます。WHERE句、GROUP BY句、HAVING句やサブクエリなど、SQLを使いこなすためのポイントとなる機能や、初心者にとって理解が難しい部分は、豊富な図とサンプルプログラムでかみくだいて解説しています。\nまた、標準SQLをベースに、各種DB（Oracle、SQL Server、DB2、PostgreSQL、MySQL）での違いや、初心者がハマりやすいポイント、基礎ノウハウについてもしっかり解説。\n第2版では、解説・サンプルコードを最新DBのSQLに対応したほか、（PostgreSQLを例に）アプリケーションプログラムからSQLを実行する方法の解説章を新設。SQLの書き方だけはなく、アプリケーションでの利用方法までフォローします。\nデータベースを扱うアプリを作りたいが何から学習すれば良いかわからない、きちんとSQLを書けるようになりたい、現場で通用する基礎を身につけたい、という方におすすめの1冊です。,翔泳社,技術書,RDB SQL,1
23,達人に学ぶDB設計 徹底指南書,EG000023,ミック  (著),DB設計の基礎と実践ノウハウが身につく一冊\n本書は、好評を博した『達人に学ぶ SQL徹底指南書』の続編という位置づけで、プロのデータベース（DB）エンジニアである著者が、DB設計の基礎と実践ノウハウをやさしく手ほどきする指南書です。初級者が押さえておくべきDB設計の基礎知識やポイント、正規化／非正規化のケーススタディ、テーブル設計のやってはいけないバッドノウハウ、注意すべきグレーノウハウなどを丁寧に解説します。豊富なサンプルと練習問題で、現場で通用する実践的な力が身につきます。DBエンジニアを目指す人、DB設計の基礎と実践をしっかり学びたい人、脱初級を目指すアプリケーション開発者やDBエンジニアなど、DB設計・開発に携わるすべての方におすすめの一冊です。,翔泳社,技術書,RDB DB設計,1
24,SQL実践入門 ──高速でわかりやすいクエリの書き方 WEB+DB PRESS plus,EG000024,ミック  (著),（概要）\nSQLはデータベース操作に特化した言語で，柔軟にデータを操作できます。ただし，独自のロジックに基づいているため，それを正しく理解しなければ，読みづらくパフォーマンスの出ないSQLになってしまいます。本書では，「条件分岐」「集約」「ループ」「結合」「更新」など日常的に実行する処理の良い書き方・悪い書き方を解説します。その際，データベース内部でどう処理が実行されているかを示す実行計画を読み解くことで，「なぜそう書くと効率が良いのか」「可読性や保守性が向上するのか」を実感を持って理解することを目指します。\n\n(こんな方にオススメ)\n・データベースに触れる機会の多いWebアプリケーションエンジニア\n・データベースエンジニア\n\n（目次）\n第1章　DBMSのアーキテクチャ──この世にただ飯はあるか\n\n第2章　SQLの基礎──母国語を話すがごとく\n\n第3章　SQLにおける条件分岐──文から式へ\n\n第4章　集約とカット──集合の世界\n\n第5章　ループ──手続き型の呪縛\n\n第6章　結合──結合を制する者はSQLを制す\n\n第7章　サブクエリ──困難は分割するべきか\n\n第8章　SQLにおける順序──甦る手続き型\n\n第9章　更新とデータモデル──盲目のスーパーソルジャー\n\n第10章　インデックスを使いこなす──秀才の弱点\n\nAppendix A：PostgreSQLのインストールと起動\n\nAppendix B：演習問題の解答\n,技術評論社,技術書,RDB SQL,1
25,失敗から学ぶRDBの正しい歩き方 Software Design plus,EG000025,曽根 壮大  (著),（概要）\n「データベースがよく落ちる」「前任者が残したテーブル，SQLが読み解けない」「RDBMSを入れ替えたら予期せぬバグが」――MySQLやPostgreSQLといったRDBMS（リレーショナルデータベース管理システム）を使った業務システム，Webサービスを設計・運用していると，こういった問題によく直面するのではないでしょうか。\n本書はRDB（リレーショナルデータベース）の間違った使い方（＝アンチパターン）を紹介しながら，アンチパターンを生まないためのノウハウを解説します。それぞれの章では，問題解決に必要なRDBやSQLの基礎知識も押さえるので，最近RDBMSを触り始めた新人の方にもお勧めです。\n\n（こんな方におすすめ）\n・MySQLやPostgreSQLを使ったシステム・サービスを設計・運用していて，原因のわからない障害によく出くわす人，そしてそれを改善したい人\n\n（目次）\n第1章　データベースの迷宮\n\n第2章　失われた事実\n\n第3章　やり過ぎたJOIN\n\n第4章　効かないINDEX\n\n第5章　フラグの闇\n\n第6章　ソートの依存\n\n第7章　隠された状態\n\n第8章　JSONの甘い罠\n\n第9章　強過ぎる制約\n\n第10章　転んだ後のバックアップ\n\n第11章　見られないエラーログ\n\n第12章　監視されないデータベース\n\n第13章　知らないロック\n\n第14章　ロックの功罪\n\n第15章　簡単過ぎる不整合\n\n第16章　キャッシュ中毒\n\n第17章　複雑なクエリ\n\n第18章　ノーチェンジ・コンフィグ\n\n第19章　塩漬けのバージョン\n\n第20章　フレームワーク依存症,技術評論社,技術書,RDB DB設計 アンチパターン,1
26,Kubernetes実践入門 プロダクションレディなコンテナ＆アプリケーションの作り方 Software Design plus,EG000026,"須田 一輝  (著), 稲津 和磨 (著), 五十嵐 綾  (著), 坂下 幸徳 (著), 吉田 拓弘 (著)",（概要）\nDockerの登場以降，アプリケーションはコンテナイメージとして管理・実行できるようになりました。コンテナイメージには，アプリケーションの実行に必要な言語ランタイムやライブラリなどがすべて含まれているため，どんな環境でも同じアプリケーションを同じように実行できます。このコンテナの利点を活かして，アプリケーションのデプロイ・設定・管理を自動的に行うためのソフトウェアが「Kubernetes（クーバネティス）」です。\n本書は，コンテナイメージの作成・デプロイ・運用という一連の流れに沿って，アプリケーション（コンテナ）を本番運用で使える状態（プロダクションレディ）にまで持っていく方法を解説します。\n具体的には，アプリケーションの開発や運用に携わる人向けに，Kubernetesクラスタ上で，アプリケーション（コンテナ）のデプロイ，更新，安定性の向上，セキュリティの強化，ロギング，モニタリングなどを行う方法を扱います（Kubernetesクラスタそのものの構築や運用については扱っていないため，ご注意ください）。\n\n（こんな方におすすめ）\n・コンテナでデプロイ・本番運用したいと考えているアプリケーションエンジニア\n・Kubernetesの使い方を学びたいエンジニア\n\n（目次）\n第1章　Hello Kubernetes world!　コンテナオーケストレーションとKubernetes\n1.1　Kubernetesとは\n1.2　Kubernetesが解決する課題\n1.3　Kubernetesオブジェクト\n1.4　Kubernetesのアーキテクチャ\n1.5　まとめ\n\n第2章　Kubernetesを構築する\n2.1　クラスタの構築・運用の難しさ\n2.2　クラスタ構築の方法\n2.3　minikubeでクラスタを構築する\n2.4　クラスタの動作に必要なコンポーネント\n2.5　まとめ\n\n第3章　Kubernetes上にアプリケーションをデプロイする\n3.1　アプリケーションを簡易的にデプロイする\n3.2　Kubernetes APIでCRUDしてKubernetesの動きを体感する\n3.3　Dockerコンテナイメージを知る\n3.4　アプリケーションのマニフェストを書く\n3.5　クラスタ内のアプリケーション間で通信する\n3.6　アプリケーションを外部に公開する\n3.7　データを保存する\n3.8　定期的にバックアップを取る\n3.9　まとめ\n\n第4章　アプリケーションをデバッグする\n4.1　Kubernetesオブジェクトの状態を把握する\n4.2　アプリケーションコンテナを調査する\n4.3　kubectlの動作を調べる\n4.4　まとめ\n\n第5章　アプリケーションを更新する\n5.1　アプリケーションを手動更新する\n5.2　アプリケーションを停止せずに更新する\n5.3　アプリケーションを以前の状態に戻す\n5.4　アプリケーションを継続的に更新する\n5.5　サービスアカウントを用意する（ServiceAccount，RBAC）\n5.6　まとめ\n\n第6章　アプリケーションの安定性をあげる\n6.1　アプリケーションの耐障害性を向上させる\n6.2　負荷に応じてアプリケーションの処理能力を向上させる\n6.3　まとめ\n\n第7章　アプリケーションのセキュリティを強化する\n7.1　Kubernetesのセキュリティモデル\n7.2　コンテナイメージのスキャン\n7.3　Podのセキュリティを強化する\n7.4　ネットワークのセキュリティを強化する\n7.5　まとめ\n\n第8章　アプリケーションを運用する\n8.1　ロギング\n8.2　メトリクスモニタリング\n8.3　まとめ\n\n付録　Podのセキュリティを高める管理者向けの機能,技術評論社,技術書,Kurbenetes コンテナ,1
27,Docker/Kubernetes 実践コンテナ開発入門,EG000027,山田 明憲 (著),（概要）\n\n話題のコンテナ技術，Docker/Kubernetesの基礎から実際にアプリケーションを作るまでを解説した入門書です。\nDocker/Kubernetesを実際の現場で活用している著者が最新情報や実践スキルをわかりやすく解説します。ローカル環境での検証はもちろん，Google Kubernetes EngineへのデプロイやAWS Fargateの活用などクラウドでの実践にも触れています。Docker/Kubernetesをきちんと本番で使うための王道的な解説を中心としつつ，CLIツールとしてDockerを導入したい，オンプレでKuberentesを使いたいといったニーズにも答えます。\n\n\n\n（こんな方におすすめ）\n\n・Docker/Kubernetesといったコンテナ技術で実際にツールやサービスを構築したい方\n\n・コンテナの基礎から実践まで一通り学びたい方\n\n・コンテナの基礎はわかって実際に動かすところを体験したい方\n\n\n\n（目次）\n\n1.Dockerの基礎\n\n1.1 Dockerとは\n\n1.2 Dockerを利用する意義\n\n1.3 ローカルDocker環境を構築する\n\n2.Dockerコンテナのデプロイ\n\n2.1 コンテナでアプリケーションを実行する\n\n2.2 Dockerイメージの操作\n\n2.3 Dockerコンテナの操作\n\n2.4 運用管理向けコマンド\n\n2.5 Docker Composeでマルチコンテナを実行する\n\n2.6 Composeによる複数コンテナの実行\n\n3.実用的なコンテナの構築とデプロイ\n\n3.1 アプリケーションとコンテナの粒度\n\n3.2 コンテナのポータビリティ\n\n3.3 Dockerフレンドリなアプリケーション\n\n3.4 永続化データをどう扱うか\n\n3.5 コンテナ配置戦略\n\n4.Swarmによる実践的なアプリケーション構築\n\n4.1 Webアプリケーションの構成\n\n4.2 MySQL Serviceの構築\n\n4.3 API Serviceの構築\n\n4.4 Nginxの構築\n\n4.5 Webの構築\n\n4.6 コンテナオーケストレーションによる開発スタイル\n\n5.Kubernetes入門\n\n5.1 Kubernetesとは\n\n5.2 ローカル環境でKubernetesを実行する\n\n5.3 Kubernetesの概念\n\n5.4 KubernetesクラスタとNode\n\n5.5 Namespace\n\n5.6 Pod\n\n5.7 ReplicaSet\n\n5.8 Deployment\n\n5.9 Service\n\n5.10 Ingress\n\n6.Kubernetesのデプロイ・クラスタ構築\n\n6.1 Google Kubernetes Engineのセットアップ\n\n6.2 GKE上にTODOアプリケーションを構築する\n\n6.3 Master Slave構成のMySQLをGKE上に構築する\n\n6.4 TODO APIをGKE上に構築する\n\n6.5 TODO WebアプリケーションをGKE上に構築する\n\n6.6 IngressでWebアプリケーションをインターネットに公開する\n\n6.7 オンプレミス環境でのKubernetesクラスタの構築\n\n6.8 kubesprayでKubernetesクラスタを構築する\n\n7.Kubernetesの発展的な利用\n\n7.1 Kubernetesの様々なリソース\n\n7.2 ユーザー管理とRole-Based Access Control （RBAC）\n\n7.3 Helm\n\n7.4 Kubernetesにおけるデプロイ戦略\n\n8.コンテナの運用\n\n8.1 ロギングの運用\n\n8.2 Dockerホストやデーモンの運用\n\n8.3 障害対策\n\n9.より軽量なDockerイメージを作る\n\n9.1 なぜ軽量なイメージを作るべきなのか\n\n9.2 軽量なベースイメージ\n\n9.3 軽量なDockerイメージをつくる\n\n9.4 multi-stage builds\n\n10.Dockerの様々な活用方法\n\n10.1 チーム開発で開発環境を統一・共有する\n\n10.2 コマンドラインツール（CLI）をDockerコンテナで利用する\n\n10.3 負荷テスト\n\nAppendix-A セキュリティ\n\nA.1 公開Dockerイメージの安全性\n\nA.2 安全なDockerイメージと運用体制をつくる\n\nAppendix-B Dockerでの開発を支援するツール・サービス\n\nB.1 独自Dockerレジストリの構築\n\nB.2 DockerとCI/CDサービスの連携\n\nB.3 AWS Fargateを用いたECSでのコンテナオーケストレーション\n\nAppendix-C 主要コマンドまとめ\n\nC.1 dockerコマンド\n\nC.2 Dockerfile\n\nC.3 docker-composeコマンド\n\nC.4 docker swarm/stackコマンド\n\nC.5 helmコマンド,技術評論社,技術書,Docker Kurbenetes コンテナ,1
28,Docker実践ガイド 第2版 impress top gearシリーズ,EG000028,古賀 政純 (著),本書では、技術者だけでなく、IT基盤の方向性の検討や戦略の立案、意思決定を行う立場の方が、導入前の検討を実践できる内容を盛り込みました。具体的には、コンテナの特徴、導入時の検討項目、注意点などのチェックリストを設け、システム構成例などを解説図にまとめ、要点を把握しやすいようにしました。また、大規模データセンター向けのコンテナ基盤構築の経験がない技術者でも、その基礎を理解できるよう、Dockerのインストール手順、使用法などを具体的に記載しています。\n　また、今回出版される第2版では、新たに商用版Docker EEの検討項目、構築手順、使用法、セキュリティ管理手法の掲載に加え、Dockerを取り巻くエコシステムについて、2019年時点での最先端のトピックを取り上げました。内容の詳細は目次を参照していただきたいのですが、コンテナの連携を行うDocker Compose、クラスタ化を実現するDocker Swarm、コンテナ向けの仮想化基盤を構築するDocker Machine、GUI管理ツール、CRIUを使ったライブマイグレーション、コンテナ専用OSのCoreOSとRancher OS、コンテナ基盤におけるネットワーキング、周辺機器の使用例、インターネットに接続しない社内コンテナ環境の構築、そして、複数コンテナによるオーケストレーションを実現する人気のKubernetesなどの解説を網羅しています。,インプレス,技術書,Docker コンテナ,1
29,Kubernetes完全ガイド impress top gearシリーズ,EG000029,青山 真也  (著),コンテナオーケストレーションの業界標準\nクラウドネイティブ開発の第一歩を踏み出そう! \nKubernetes認定資格(Certified Kubernetes Administrator/Certified Kubernetes Application Developer)保有者直伝! プロダクション環境で培われた、Kubernetesを使い倒すための実践ノウハウが満載の一冊です。\nKubernetesはコンテナ化されたアプリケーションのデプロイ、スケーリング、および管理を自動化するためのプラットフォーム(コンテナオーケストレーションエンジン)です。 本書籍では、Kubernetesを触ったことがない方でもKubernetesのコンセプトを理解し、実際にアプリケーションをコンテナ化して実行することができるようになることを目標としています。\n前半の章では図をふまえながらKubernetesの各リソースについて体系的かつ網羅的に説明します。さらに後半の章では、マニフェスト管理(Helm/Ksonnet)、モニタリング(Prometheus/Datadog)、ログ集約(Fluentd/Datadog)、CI/CD(Spinnaker/JenkinsX/Scaffold)、サービスメッシュ(Istio/Conduit/Linkerd)、Service Brokerなど、Kubernetesを用いてクラウドネイティブな開発を促進させる周辺エコシステムについても紹介します。,インプレス,技術書,Kurbenetes コンテナ,1
30,nginx実践ガイド impress top gearシリーズ,EG000030,渡辺高志 (著),　nginxは、インターネットの多くのWebサイトで使われているソフトウェアで、設定ファイルの構造がシンプルで使いやすく、少ないリソースで動作し、性能も安定して出るため、順調に人気を獲得している注目度ナンバーワンのWebサーバーです。静的ファイルを配信するWebサーバーとしての性能も目を見張るものがありますが、よく使われるのはロードバランサやリバースプロキシとしての使い方です。本書は、nginxを利用したWebアプリケーションを構築・運用するといった作業において、性能やセキュリティ、メンテナンスに頭を悩ませる管理者のために、表面的なnginxの設定ファイルの書き方だけにとどまらず、実際に動作を検証する方法や、Webシステムの中でnginxとは直接関係ない部分も含めて紹介しています。これらの手法を知っておくことで、ネットワーク全般の知識、ネットワークプログラムの動作に関する知識を得られます。,インプレス,技術書,nginx Webサーバー,1